{"genome":[0.5809931708143267,1.2001831690484555,0.29697613993561955,0.09941567448705912,0.7243992778566382,0.20799213150268897,5.946544399801559,5.462367523391812,2.1303796636283714,3.884713534053533,1.9381399213805666,1.5698907716915755,0.21821038884526622,1.5859826739154446,1.473498470936948,0.8863529191870598,0.5602177462118667,0.579927368496504,4.183335024897258,0.15645953160541115,0.766661928421702,0.29908919451459093,2.964650374681987,3.7425957148221825,0.8851268027522748,5.893454873057634,4.213850908772478,2.3293341741411973,0.5332107172095312,0.21540234890630328,3.5118723013113935,2.28458157483881,0.6118888969314821,2.8913124497384963,0.634047420600137,2.8567472261166675,0.9951665575904715,4.524888220605984,0.4704604178190541,2.856951484197795,2.775970531382581,3.9292562930734447,0.49151576469894376,0.7905232798409989,0.28574206952321524,3.927332996364506,0.3265707161598687,4.7098872108247,1.1680633260442554,3.602678428672395,0.38703689174358713,2.3708184683484954,4.642007611783856,0.4900067315098532,4.521675470392384,1.2307917295496011,5.574477561043115,0.6914944611666256,3.1185048464038245,2.5068812956110302,2.700709637824707,5.13916067734065,5.154974838616477,3.166891089881326,0.257900966391826,2.6133403045819326,5.78785112306085,5.700653939329249,0.24122138765507636,3.9211771761000263,3.691413773244365,0.8839840878635212,2.187698600141712,2.5237970831533687,0.8938181031764546,3.683015609318354,2.9573390428230883,1.1659313913927096,0.03418582393548397,4.776360772616765,1.1172414775215915,0.8793769716976179,3.287064644259551,2.8915504262129965,5.273056240800727,0.33561679667522903,3.415064367542385,0.9712250408108221,4.268951224080201,6.119874708202025,3.8859112229840513,1.3525927892500478,3.4138169564825778,0.6595754730396904,2.4804389952175603,2.002143713378807,3.874751736762984,0.5639838197652853,0.04848615163599715,5.2088170661334425],"fitness":0}