{"brain":{"food_attraction":0.7620645569679378,"speed_factor":1.8947409180791541,"life_threshold":0.31420650864268596},"fitness":8}